id,firstName,lastName,age
1,Vijayakumar,Murugann,33
2,Cory,Williams,65
3,Patricia,Alvarado,32
4,Roberta,Underwood,43
5,Julie,Thompson,39
6,Ryan,Hubbard,63
7,Marie,Blackwell,41
8,James,Brown,27
9,William,Brown,20
10,Virginia,Montgomery,60
11,Albert,Kim,58
12,Amanda,Zimmerman,33
13,Corey,Clark,28
14,Ryan,Robinson,48
15,Joseph,Thomas,22
16,Steven,Francis,34
17,Ronald,Patterson,56
18,Randy,Jacobson,18
19,Ashley,Nguyen,63
20,Kayla,Arnold,35
21,Jeffrey,Rich,41
22,Bradley,Buck,60
23,Brittany,Pierce,57
24,Pamela,Reed,41
25,Damon,Smith,65
26,Regina,Jensen,24
27,Thomas,Leblanc,55
28,Erin,Wang,42
29,Jason,Soto,37
30,Hannah,Smith,62
31,Tina,Jackson,52
32,Kathleen,Soto,53
33,Gary,Nicholson,57
34,Hailey,Allen,47
35,Mary,Hammond,25
36,Brooke,Jones,26
37,Ashley,Calderon,20
38,Kenneth,Clark,48
39,Elizabeth,Rogers,34
40,Jessica,Cruz,64
41,John,Mccoy,25
42,Misty,Lee,37
43,Steve,Garcia,61
44,Tara,Patel,50
45,Joseph,Steele,58
46,Shelia,Davis,29
47,Jason,Clark,20
48,Eric,Lawrence,37
49,William,Harris,33
50,Michael,Rogers,65
51,Paula,Perez,27
52,Megan,Bennett,40
53,Amanda,Fleming,34
54,Jonathan,Ibarra,39
55,Cheryl,Gonzalez,37
56,Justin,Simmons,49
57,Lisa,Marshall,62
58,Maria,Jones,36
59,Brenda,Johnson,59
60,Tina,Perez,43
61,Melanie,Jones,23
62,Anne,Savage,18
63,Alyssa,Ferguson,29
64,Cindy,Mcfarland,29
65,Adam,Anderson,39
66,Christina,Perry,34
67,Rita,Booth,52
68,Jake,Morales,44
69,Barbara,Carter,30
70,Jody,Smith,18
71,David,Morgan,20
72,Lori,James,56
73,Gregory,Hunt,39
74,Jennifer,Carpenter,41
75,Timothy,Beltran,65
76,Carol,Howard,36
77,Kelly,Sanchez,52
78,Sarah,Thompson,53
79,Javier,Kelly,20
80,Laurie,Mccoy,34
81,Heather,Miller,57
82,Catherine,Hunt,29
83,William,Li,60
84,Melanie,Riggs,62
85,Megan,Hammond,65
86,John,Norris,39
87,Wanda,Todd,47
88,Roger,White,47
89,Gabriel,Hines,46
90,Oscar,Wilson,40
91,Tonya,Hill,58
92,Kristi,Wilson,58
93,Mike,Jenkins,25
94,Wendy,Collins,43
95,Michael,Wong,24
96,Matthew,Burke,26
97,Jessica,Robinson,56
98,Evan,Mitchell,18
99,Tami,Bell,55
100,Andrew,Castillo,59